{"cameraMode":{"drawMode":0,"name":"Shaded","section":"Shading Mode"},"sceneLighting":false,"audioPlay":false,"sceneViewState":{"m_AlwaysRefresh":false,"showFog":true,"showSkybox":false,"showFlares":true,"showImageEffects":true,"showParticleSystems":true,"showVisualEffectGraphs":true,"m_FxEnabled":true},"in2DMode":false,"pivot":{"x":-0.33124637603759768,"y":0.8388488292694092,"z":1.7026519775390626},"rotation":{"x":-0.03291063383221626,"y":0.10475102812051773,"z":-0.0034679186064749958,"w":-0.993960976600647},"size":9.530004501342774,"orthographic":true}