{"cameraMode":{"drawMode":0,"name":"Shaded","section":"Shading Mode"},"sceneLighting":false,"audioPlay":false,"sceneViewState":{"m_AlwaysRefresh":false,"showFog":true,"showSkybox":false,"showFlares":true,"showImageEffects":true,"showParticleSystems":true,"showVisualEffectGraphs":true,"m_FxEnabled":true},"in2DMode":false,"pivot":{"x":-0.3930000066757202,"y":0.10300000756978989,"z":0.8529999852180481},"rotation":{"x":-0.009698014706373215,"y":0.9848882555961609,"z":-0.05866817384958267,"w":-0.16277943551540376},"size":0.6342656016349793,"orthographic":true}